MD5,SHA256,SIZE
0722bc6ea7eb1a21ac2fac7be9b4c9a6,92a89ae883ed67889c50fa7af84b1a94768c7a257daa263211616d745d8dbdc3,213504
9577a63626d2536e7416494f09f0eec2,77b4c0f9929073ce132223f3169349f3e7a626c392b7dbc1a39fa89265c2c6bf,212992
e05920670516cc96822699e5688a79fa,1172951d8b1aa4cf9d0ac9f72ae344c5896ce4286c790a1f0dff8a6f71a5772e,212992
fe79f0387dff3417ffdfab25e103f8f3,9f0aa70533741d0b9ca0d23bdf8c6b509844e9ec1776b442a9c0dcf2d99b00bb,256000
febda520271b683cd518b3425ec585d4,8cfac3f204df864a5e9d9e20a4e7d4d70cb30a146661d0f7447a927be74f7f04,212992
02d44856489894e7022790c860cfdbce,d9fad49c293c115eacf38c4e538b2e957b35ef9ea02f8d861322d602446dfbad,214016
579d1f6b52adddb09a75094382d3f6bc,aa300b32cbe3c2109ac25bfc50a3a08de43efba5889ded23ce20a828978ad616,256512
7f4d5b092eb20d84d09111aaee69dca2,19e8d60469bd5fd5b3c9190d10e917d9ae90e21c695b054812e093c3681f756a,212992
38ad174f78f04b3f92cff53bfc221183,a79e47618a8e236f104fd0076c6ee1494dda346132309feb7ee87046e395faf4,213504
